"drug","efficacy","side_effect","duration"
"Drug B",0.819069132392526,0.211767242864691,2
"Drug B",0.897002419266112,0.152481507323944,12
"Drug A",0.671473892215293,0.0121426012402334,12
"Drug C",0.889638073145823,0.282001967454241,8
"Drug A",0.751125454120371,-0.0560794779212263,7
"Drug A",0.574183754998428,0.183627355612154,10
"Drug B",0.854382596895619,0.234527490822449,8
"Drug B",0.746503641341701,0.151166483996444,9
"Drug C",0.786195397321993,0.300756708780245,5
"Drug B",0.623199622912435,0.191727291237479,10
"Drug B",0.728502179713226,0.116989331573657,6
"Drug B",0.682979773564038,0.156078280986725,4
"Drug C",0.782155185158054,0.348290791930119,12
"Drug B",0.962729133795333,0.1422089346633,7
"Drug B",0.678785333437147,0.16243021441922,2
"Drug B",0.899750991744129,0.162745782207263,7
"Drug B",0.854524564142017,0.261352624273703,6
"Drug A",0.611521088482488,0.0904571003089292,9
"Drug C",0.838876930211863,0.327715537298734,9
"Drug C",0.858980048716664,0.338571656355186,7
"Drug C",0.919040936983682,0.280996660010462,9
"Drug A",0.665167507104066,0.0435724305822011,9
"Drug B",0.882684753028499,0.208505088851999,1
"Drug A",0.670731309769728,0.0820728833974467,6
"Drug B",0.583465379003676,0.27214692453433,1
"Drug B",0.790378322379662,0.174002656837837,9
"Drug C",0.714804315375142,0.284467895280034,3
"Drug C",0.993781113523209,0.334136873230078,3
"Drug C",0.82523135185605,0.266821078981728,9
"Drug C",0.788475856429983,0.299102472568154,8
"Drug A",0.640849358470117,0.124829550826581,2
"Drug C",0.958523068390919,0.279786264974715,11
"Drug B",0.608144180069014,0.139417559489295,10
"Drug B",0.825381679150409,0.215637185836808,10
"Drug C",0.802775823375383,0.286006906790517,5
"Drug B",0.799148655196198,0.0990072432727642,4
"Drug A",0.767904191100748,0.11347894315889,5
"Drug C",0.956963136669242,0.306589962543459,8
"Drug B",0.95029616611284,0.116061436480923,5
"Drug A",0.712908540116547,0.0737060248347973,1
"Drug B",0.729881704832338,0.191243768827744,7
"Drug C",1.11537072159772,0.272168461830419,11
"Drug B",0.769675386173825,0.227592420455426,11
"Drug A",0.780757977690801,0.0211974243359869,10
"Drug A",0.793099146612641,0.0522853613804433,10
"Drug A",0.745490209827293,0.0775068287700735,7
"Drug A",0.84254206900636,0.172195319757579,6
"Drug B",0.779100882748725,0.192237295559309,4
"Drug A",0.576859722090939,0.0489140546005051,12
"Drug C",0.863939642284665,0.376923487359156,11
"Drug C",0.845278670051594,0.288441201293677,10
"Drug B",0.832799600751447,0.227596193107585,5
"Drug C",0.806670016790634,0.356089701843499,3
"Drug B",0.868081082480018,0.220477269617625,4
"Drug C",0.783611759981364,0.365013076302044,10
"Drug A",0.875544950988335,0.0604539364232392,7
"Drug C",1.04496373642549,0.379930972687427,6
"Drug B",0.755120505878892,0.108854986324778,4
"Drug A",0.714006728893046,0.0512318443011576,7
"Drug B",0.762634967182242,0.170676967057411,5
"Drug C",0.779356588276192,0.311655477590121,7
"Drug B",0.533865402505899,0.176327568758733,2
"Drug A",0.697490550673441,0.129155549034429,11
"Drug A",0.696562674275094,0.121001472364594,7
"Drug C",1.06423590390448,0.333943045428527,9
"Drug C",0.700453785246117,0.374123051258473,12
"Drug B",0.733782924139759,0.128735798111907,6
"Drug A",0.788003799231003,0.148498749032504,3
"Drug B",0.834238742000164,0.186726711606906,7
"Drug C",0.912175385552379,0.259844722465742,10
"Drug B",0.737923896548819,0.111148294904202,2
"Drug A",0.720094526757402,0.0575481554187166,1
"Drug C",0.876409465197666,0.285026089042699,1
"Drug C",0.911366111497023,0.202987776040507,11
"Drug A",0.642207080471218,0.0819983606183077,8
"Drug C",1.01885648858383,0.325505309358491,10
"Drug B",0.905993627812147,0.135101479073518,1
"Drug C",1.03367582108647,0.299757629882603,12
"Drug A",0.663283082886978,0.0327573882555517,6
"Drug C",0.869566329522161,0.297415790738442,12
"Drug A",0.664972037576429,0.144742489667954,10
"Drug C",1.0374144762728,0.191005886360291,11
"Drug C",0.870027950812493,0.41532082161336,8
"Drug A",0.709763514422523,0.0416124822224534,7
"Drug B",0.838118802872372,0.247021485933658,2
"Drug B",0.867821255681878,0.303955079803094,10
"Drug C",0.873232672776573,0.252808798836333,8
"Drug A",0.934596566433491,0.0662272927436819,6
"Drug B",0.707250534447517,0.251082516399871,9
"Drug B",0.657344282630226,0.159124828466651,1
"Drug B",0.804230266438981,0.152143963299451,8
"Drug B",0.976744347000482,0.279055963991335,3
"Drug A",0.705275032714537,0.188322140074369,8
"Drug A",0.710972603996997,0.0886482420557229,2
"Drug A",0.786320261555815,0.214055509748764,4
"Drug A",0.690102679523038,0.195187360829691,12
"Drug B",0.810369654608622,0.19656892317496,5
"Drug B",0.920848487568464,0.159307043036666,4
"Drug B",0.809374602105277,0.166337234280134,11
"Drug B",0.724780348105392,0.2701015231689,2
"Drug B",0.839492421987266,0.227000830414829,3
"Drug A",0.590847956601258,0.132113708439924,12
"Drug C",0.754170757500431,0.299364011750652,9
"Drug C",0.887728771504425,0.309143977661482,5
"Drug B",0.68990708083316,0.175574270988464,6
"Drug A",0.758092307183976,0.156761836803823,12
"Drug B",0.785305251064021,0.183697448887539,7
"Drug B",0.723366538492765,0.29959312669139,4
"Drug B",0.962289757854462,0.229338644717605,1
"Drug A",0.689005945596401,0.149416661185856,4
"Drug C",1.04217048542621,0.373781196764186,11
"Drug C",0.88865789510036,0.297652331007194,3
"Drug A",0.667071905841885,0.0116234450399885,3
"Drug B",0.837346098359714,0.169518301411505,1
"Drug B",0.902988813093981,0.229662845612528,10
"Drug A",0.970577504719934,0.160169360999657,7
"Drug A",0.596505412875076,0.110412841346953,10
"Drug A",0.681657014135927,0.14195696792659,11
"Drug A",0.807777130745132,0.147152071699616,9
"Drug B",0.834162022529879,0.25140465595464,2
"Drug B",0.781265637588133,0.237378192210763,1
"Drug B",0.669714089147053,0.190428646735688,8
"Drug C",0.872134173802433,0.351234508233078,3
"Drug B",0.781524609154173,0.174788901261978,12
"Drug B",0.791822250282644,0.217427442972688,8
"Drug C",1.06122417937271,0.274531306240503,2
"Drug C",0.853806016049533,0.323891222865447,3
"Drug C",0.742394969918136,0.325049269780101,4
"Drug A",0.749643307353113,0.0947209741361301,6
"Drug B",0.788804621618103,0.201365436945053,2
"Drug B",0.779565359978803,0.221685790228556,8
"Drug C",0.96355681628564,0.243446775777834,7
"Drug C",0.609332604592845,0.351034345026225,3
"Drug C",0.844634174723905,0.313463714499838,10
"Drug C",0.884654817174908,0.32742743206956,8
"Drug A",0.760529051576044,0.0915289418820662,2
"Drug C",0.873899340381564,0.206077987502475,9
"Drug C",0.799486153758875,0.337415359756372,2
"Drug C",0.937256611431258,0.28699499299961,9
"Drug B",0.801944617652012,0.230913032953186,7
"Drug B",0.811052881539528,0.302396848081831,3
"Drug C",1.01565704369236,0.242218758101107,8
"Drug B",0.745777953978824,0.267647070337212,9
"Drug A",0.575079871658092,0.081623900919504,1
"Drug A",0.571998740324681,0.0970844768359662,1
"Drug A",0.597606721220961,0.0733890953781104,7
"Drug C",0.761234942001194,0.275074976132119,9
"Drug C",0.895077888559387,0.242493021121207,12
"Drug C",1.08109607304831,0.306312046136405,11
"Drug A",0.690048993429173,0.123643194958557,9
"Drug A",0.777723712429738,0.0906737392396782,3
"Drug C",0.789740367481999,0.219035677502086,4
"Drug B",0.777835521729821,0.179862047689029,2
"Drug C",0.95660949625959,0.320640612090258,5
"Drug A",0.664504065474494,0.0639640297969738,5
"Drug A",0.778526260146804,0.0704967384790445,8
"Drug C",0.96940473785994,0.241518669106917,6
"Drug B",0.736727010441504,0.229572832303592,10
"Drug A",0.622804135803869,0.066568052549913,8
"Drug C",1.13578173876011,0.458396882360823,6
"Drug C",0.880745066364019,0.350651970867908,12
"Drug B",0.80066193342142,0.191700634017431,9
"Drug B",0.794545397537264,0.200120823613381,10
"Drug B",0.743179311945962,0.164134900841279,7
"Drug A",0.607302405630335,0.114066901415401,6
"Drug A",0.58642648186193,0.100364094855681,4
"Drug C",0.991396233905445,0.213514988679583,6
"Drug A",0.601393716667713,0.00782631917953991,8
"Drug A",0.766748541348963,0.130060151570513,10
"Drug A",0.840659548970662,-0.015896878540831,6
"Drug A",0.815777896011788,0.0809843963140213,10
"Drug C",0.886124680242647,0.382758245009578,10
"Drug C",0.846067814903986,0.216857247549223,1
"Drug B",0.692110650093848,0.214736483289079,3
"Drug A",0.698143786004889,0.17849507195967,6
"Drug B",0.77673843143213,0.225597344838102,7
"Drug B",0.815629354251416,0.264295120053197,5
"Drug B",0.739599024524597,0.151624262322014,12
"Drug C",0.962903512012167,0.331619467725337,1
"Drug B",0.871416957085202,0.209153933382316,5
"Drug C",1.00758861012888,0.367505805846187,11
"Drug C",1.12497555173793,0.424366383572213,10
"Drug C",0.919789059887929,0.305733084854073,5
"Drug B",0.74244536815213,0.254787018200199,5
"Drug C",0.892267913499541,0.279864506440352,12
"Drug C",0.737208011089898,0.282046514282276,2
"Drug A",0.712992315396904,0.0723605885041773,4
"Drug C",0.857432686673994,0.232266250986217,11
"Drug A",0.740601174852113,0.103666943103113,11
"Drug C",0.873118981436193,0.298050573500393,5
"Drug C",0.761901546370229,0.336093494199068,4
"Drug B",0.803658332134456,0.189254052109691,10
"Drug C",0.764675546882361,0.254220753311326,5
"Drug C",0.989700619394226,0.293578072959891,6
"Drug B",0.617064028773608,0.292010524391069,10
"Drug B",0.785812305582801,0.222526562799532,5
"Drug C",0.945798177784278,0.313739683883035,5
"Drug A",0.548038248691001,0.152818820899854,10
"Drug B",0.939905531466027,0.289602713952713,6
"Drug B",0.711466080909698,0.285540960804932,11
"Drug A",0.649366970877868,0.0784285533031272,3
"Drug C",0.916333210596633,0.296036156780744,9
"Drug B",0.766285614374161,0.18183874777497,6
"Drug A",0.596404846799017,0.0899504763481549,11
"Drug A",0.740933792821671,0.122564096491817,1
"Drug B",0.747577654178311,0.176002900759889,12
"Drug B",0.850650037352419,0.141723740993665,11
"Drug C",0.849527713722529,0.288052801435471,1
"Drug C",0.80427496710465,0.372491732595452,10
"Drug C",0.890536564154674,0.392643693612657,4
"Drug C",0.964943931761058,0.279838424776861,7
"Drug A",0.724232179932706,0.141348415797809,12
"Drug C",0.894106590973829,0.293543254879368,2
"Drug A",0.505220592842382,0.0939236556600814,10
"Drug A",0.84514436318915,0.0662863357599769,12
"Drug B",0.796006032236228,0.12107831006028,3
"Drug A",0.613600230893009,0.190103819822356,12
"Drug A",0.679830976028748,0.140055840693225,9
"Drug C",0.926125556272743,0.210386763624591,3
"Drug B",0.648164861669414,0.182629063686228,8
"Drug A",0.77173086322758,0.177715796466483,12
"Drug A",0.724683272809642,0.105324639659295,7
"Drug A",0.820276704630509,0.109625446033524,10
"Drug C",0.998603927044735,0.342461398357047,6
"Drug A",0.646205940093776,0.149525730587664,12
"Drug A",0.650971725818604,0.13137911058224,4
"Drug A",0.600448382743755,0.120760774277802,10
"Drug B",0.763829707174539,0.273746953241736,10
"Drug B",0.894435481129692,0.285473603695576,8
"Drug A",0.879220701161545,0.111417980097466,8
"Drug C",0.99284093958643,0.289594155896968,4
"Drug B",0.617006233036932,0.200607287763617,4
"Drug C",0.982187810616312,0.317486133162748,7
"Drug C",1.00362687620034,0.266117767879507,2
"Drug B",0.86174201441298,0.232109133959869,9
"Drug B",0.714506963688121,0.135528098236532,9
"Drug A",0.806451051848471,0.211303362748724,10
"Drug A",0.772948145810367,-0.0241709679487941,7
"Drug B",0.866265658435809,0.208641713935288,6
"Drug B",0.761859279729576,0.197054792617276,12
"Drug A",0.784589177779358,0.127372614865249,9
"Drug C",0.911159188444581,0.279476319894785,3
"Drug B",0.793222973834396,0.32012025801568,8
"Drug A",0.848709809651828,0.0927889530278823,8
"Drug A",0.775722337664623,0.101169822141732,7
"Drug A",0.412595750660129,0.156206097068011,8
"Drug C",0.857345755092252,0.334888724523638,9
"Drug B",0.651259370436803,0.209045373934717,9
"Drug B",0.858879164571094,0.191519858479711,1
"Drug A",0.655740048922422,0.0882735976323658,6
"Drug B",0.89013048023202,0.132253465358148,8
"Drug B",0.846782834036769,0.231497803926024,10
"Drug C",0.902204031866703,0.322363507625827,1
"Drug A",0.691489216820439,0.0477979070771625,4
"Drug B",0.763873285734654,0.190635721268811,4
"Drug C",0.919950650153727,0.364364543514606,6
"Drug C",0.78917457452997,0.363704640663094,10
"Drug A",0.767279407048635,0.0389419320903822,1
"Drug A",0.660588636662636,0.140101095327481,7
"Drug B",0.725603241441501,0.20634153503513,6
"Drug B",0.767388652321659,0.219425742859177,11
"Drug B",0.987466882681447,0.156390191339431,4
"Drug A",0.524200085465326,0.0896456504995512,4
"Drug B",0.765113909003513,0.0970793655513973,12
"Drug C",0.910658922911839,0.263043834144275,7
"Drug A",0.646234121879485,0.0846688937812292,6
"Drug B",0.758873086808816,0.265170881676661,6
"Drug A",0.738234833797612,0.0470670072472446,7
"Drug A",0.722251408854264,0.115086009291761,7
"Drug C",0.83262454916803,0.304498659341639,7
"Drug C",0.956743291387052,0.231830387471444,4
"Drug B",0.817948365476,0.21412619356518,5
"Drug C",0.968634174948803,0.379034972521691,12
"Drug B",0.667273633851659,0.247002012316093,7
"Drug A",0.623208356177767,0.156571511600541,4
"Drug B",0.780729749132721,0.189315204965308,1
"Drug C",0.995905119808221,0.3478919452375,5
"Drug A",0.647096863802056,-0.0185404814767836,8
"Drug C",0.796711300904914,0.237337069532258,11
"Drug C",0.977174549044741,0.291257602418352,10
"Drug C",0.946535666419853,0.305425579645054,4
"Drug C",0.777432893308603,0.325846022715632,9
"Drug B",1.00466772402203,0.23608171929724,2
"Drug A",0.849867444889729,0.0770028083611851,9
"Drug C",0.761105091532316,0.275919422674441,2
"Drug C",1.11533764637228,0.282536233887326,2
"Drug C",0.727088325945064,0.271911701407815,7
"Drug A",0.710204248509449,0.0937648650800968,1
"Drug B",0.685872087250291,0.243877616393032,7
"Drug C",0.862299091179622,0.323167345680301,5
"Drug B",0.765121790123795,0.178031733183528,2
"Drug C",0.932288508122856,0.26537913537516,10
"Drug B",0.687566038205984,0.194777360320472,11
"Drug B",0.524295027767933,0.189600004371643,1
"Drug B",0.790418890088027,0.260965420611411,3
"Drug A",0.625330019504335,-0.0135217849509719,5
"Drug B",0.821078141800539,0.151327366547583,7
"Drug B",0.715149019149118,0.231059512952279,3
"Drug C",0.979226476570434,0.333128083614894,7
"Drug A",0.702918743257565,0.0674504875639878,5
"Drug B",0.860338801248379,0.189563146572286,2
"Drug A",0.600505989518655,0.189845582357087,2
"Drug A",0.678866754185624,0.0450610792552794,1
"Drug C",0.934402108749618,0.388887104587663,9
"Drug C",0.891062147101646,0.315847220407229,10
"Drug C",1.06540374665165,0.352478821081578,11
"Drug B",0.603709128679103,0.173685960749663,3
"Drug C",0.975612551149949,0.24398937318488,6
"Drug C",0.901441865794306,0.319912974703337,1
"Drug B",0.894571380406079,0.221065340150185,6
"Drug B",0.790119150761372,0.178742317547471,12
"Drug A",0.426024575661286,0.0561504497009448,7
"Drug A",0.742030584942315,0.164999830215476,2
"Drug B",0.778162073773902,0.13316066217525,7
"Drug A",0.601064467040175,0.171462121486633,10
"Drug B",0.734353110381546,0.170265343995677,8
"Drug C",0.905566354820131,0.20586567710899,11
"Drug C",1.1452063444775,0.4090155615862,7
"Drug C",0.918817357373771,0.318938863932182,2
"Drug A",0.60203036316223,0.0465343585647507,1
"Drug A",0.890361046750456,0.0812427509189027,12
"Drug B",0.756148021780439,0.160260114076881,7
"Drug C",0.817027390441454,0.315756143435564,2
"Drug C",0.7752768681238,0.306696969284183,5
"Drug A",0.632619083691221,0.0379724212210577,5
"Drug B",0.993516726396696,0.21282402684605,2
"Drug C",0.990656143486408,0.266296489662713,12
"Drug B",0.873652677142708,0.231661367689256,6
"Drug A",0.714662530404513,0.130118243662197,12
"Drug B",0.8283120796739,0.198298315673687,4
"Drug C",0.958927672077013,0.260514681972549,10
"Drug C",0.921584947657704,0.27647822228929,4
"Drug B",0.815505323487432,0.149359093118615,12
"Drug B",0.895382663630385,0.241677663503671,7
"Drug A",0.683414729752071,0.167701178111587,6
"Drug B",0.825500374557096,0.202503635599323,11
"Drug B",0.710252764064534,0.216844037782223,5
"Drug B",0.958397010470279,0.18955005633403,7
"Drug B",0.939275862816597,0.210922999394842,1
"Drug C",0.718774176827108,0.393673760396186,8
"Drug C",0.878368032141054,0.313086090248585,9
"Drug A",0.754985605671088,0.166734725967821,6
"Drug A",0.748273623751758,0.112387332307255,11
"Drug C",0.976084872895007,0.23121075694082,8
"Drug A",0.655434198306599,0.0404730109121346,7
"Drug B",0.679466658037648,0.151309069032236,11
"Drug A",0.730146673976471,0.0950184401456426,10
"Drug C",0.746085477640437,0.294463249994381,9
"Drug A",0.763537072349361,0.159609729800339,2
"Drug B",0.870295177475515,0.117205703490416,11
"Drug C",0.709411713538266,0.247717835466072,8
"Drug B",0.893892144955624,0.112988043309408,11
"Drug C",0.877550789450421,0.32565603857654,3
"Drug C",0.832618322461205,0.277702157700804,12
"Drug A",0.744578744480567,0.00804031120886942,11
"Drug A",0.828061710689861,0.059007618045199,6
"Drug B",0.956513013425123,0.150239522564291,5
"Drug A",0.57994539638105,0.114865506376807,10
"Drug C",0.856230503362601,0.327870824756516,8
"Drug A",0.714638148182447,0.0363331496260678,8
"Drug B",0.806601907555389,0.251253630492304,7
"Drug C",0.855496398470349,0.323330608563325,11
"Drug B",0.56578876135585,0.211695915890744,12
"Drug A",0.672161763249215,0.113222094933942,5
"Drug A",0.581819636765515,0.121620996069711,10
"Drug C",0.9033125272564,0.348661107697521,7
"Drug B",0.716228298815946,0.173540297069436,9
"Drug C",0.888238891975371,0.302288424230116,5
"Drug C",0.825847742887081,0.439734570696934,9
"Drug C",0.859165303081683,0.245599989875864,7
"Drug A",0.662222923904128,0.114771478546633,11
"Drug C",1.03283667119972,0.228101771739217,1
"Drug C",0.971643630684198,0.31065407404289,10
"Drug C",0.876771081174904,0.348748031711854,8
"Drug B",0.677377309975733,0.0823268922330042,10
"Drug C",1.00475380909316,0.270774109394341,11
"Drug A",0.556359281317617,0.212693707479088,12
"Drug C",0.78175310716134,0.261298947223393,7
"Drug B",0.722379516418684,0.128816601006056,12
"Drug B",0.702768649052425,0.222883469082679,2
"Drug C",0.809634243880893,0.263849955460458,4
"Drug B",0.928720394604443,0.274187231419261,9
"Drug B",0.789381239901269,0.254102443123714,4
"Drug A",0.628412904634293,0.139987922205484,3
"Drug C",0.967172219647766,0.228739209929163,5
"Drug C",0.919763362591688,0.317960191634172,10
"Drug C",0.777990327466637,0.319061127534289,7
"Drug C",0.843903487954904,0.195827073408336,4
"Drug B",0.853373263441171,0.231391695146806,4
"Drug C",1.09503154646839,0.315030662294233,11
"Drug C",1.05819432296005,0.247080138069365,9
"Drug B",0.883778752223611,0.189567527018136,9
"Drug B",0.798693033731552,0.302398661491543,12
"Drug B",0.627420403798901,0.239204863884733,6
"Drug B",0.726914642631802,0.136138534270171,3
"Drug C",0.878458613465304,0.304556200325037,9
"Drug C",0.949020666855371,0.387342265317015,11
"Drug C",0.905939342375615,0.301622609173703,5
"Drug A",0.705831205292457,0.0744283642297659,1
"Drug B",0.983836310657496,0.258240261929913,10
"Drug B",0.838765089941351,0.176736132916193,6
"Drug C",0.871944927534534,0.288468497562831,7
"Drug B",0.757148226203643,0.242790457626549,12
"Drug C",0.909532493553194,0.388957216598533,9
"Drug A",0.618666859105858,0.0587328642154563,2
"Drug B",0.936819007742547,0.188556002368268,1
"Drug A",0.671246396990977,0.0965481341256237,1
"Drug C",0.847144757652248,0.344706552870771,5
"Drug B",0.712698707674302,0.277020308512343,5
"Drug C",0.993589307240067,0.384555325011286,1
"Drug C",0.772273267697779,0.288639154206846,9
"Drug B",0.753126016106077,0.24656054814851,5
"Drug C",0.931251627333967,0.256319868539157,11
"Drug C",0.889167769835649,0.273108931332342,2
"Drug C",0.925079041733303,0.240152790437084,5
"Drug A",0.568380660579378,0.0449792090976067,7
"Drug C",0.856992455083261,0.329560996517794,6
"Drug C",0.729589030241387,0.336685628384623,5
"Drug C",0.815786263478554,0.310863878111215,3
"Drug C",1.01482505953087,0.261889297830486,5
"Drug A",0.725283153590922,0.114845156558553,4
"Drug C",0.908528718612452,0.239750310810711,10
"Drug A",0.606637386947879,0.0122117957980978,10
"Drug C",0.844318039384037,0.274862869719689,12
"Drug A",0.598362968057923,0.0793936070185952,2
"Drug B",0.805352524982115,0.152512605724168,11
"Drug C",0.976513360614726,0.199792891497197,3
"Drug A",0.72991948153815,0.0787667310589056,4
"Drug B",0.73823842517868,0.226635202996216,8
"Drug B",0.855278731357432,0.23930876552307,10
"Drug C",0.938790849886898,0.379772706398002,3
"Drug B",0.884321094225036,0.202088657803868,5
"Drug A",0.655937241366341,0.213823752512845,7
"Drug B",0.682063462674728,0.222635010931677,11
"Drug C",0.891543093464118,0.292155069576723,10
"Drug C",0.930277769505261,0.203499089840359,12
"Drug B",0.955909373112435,0.321520270805863,3
"Drug A",0.693033747269476,0.170535037255019,7
"Drug C",0.94270394144678,0.331684648804235,8
"Drug A",0.691673680172382,0.155922748165707,5
"Drug C",1.11563977407618,0.352218631493235,10
"Drug B",0.933796805938236,0.24296039528118,3
"Drug A",0.676769555260476,0.147091764620461,12
"Drug A",0.687259591005261,0.153106579182362,8
"Drug A",0.697831459572825,0.0654947585042089,7
"Drug C",0.911325408438459,0.286573107237119,9
"Drug B",0.743490458950753,0.205876100081695,12
"Drug C",0.908070038724449,0.257219733684401,3
"Drug C",0.830422859341106,0.408760316962663,7
"Drug C",0.790379786704802,0.233777505522302,9
"Drug A",0.780444055775452,0.107109815232448,7
"Drug B",0.865664411993471,0.160267752630757,11
"Drug A",0.643196932265546,0.10446119038303,11
"Drug B",0.927278584148814,0.208450428402879,7
"Drug A",0.680745608424303,0.0975817804016526,3
"Drug B",0.771633478141118,0.0452672338511158,1
"Drug B",0.704632828706075,0.0751873261056203,3
"Drug B",0.797564935396584,0.236031014504022,7
"Drug B",0.786301403514248,0.155392107333686,2
"Drug B",0.806751839112109,0.204851000642571,5
"Drug B",0.844516835983198,0.240001493085745,9
"Drug A",0.790660038824601,0.0915851588798662,3
"Drug C",0.932741056646057,0.264276572052261,1
"Drug C",0.999256162675209,0.288669717183273,1
"Drug A",0.806540057402709,0.180427046375597,8
"Drug A",0.406951794461942,0.178001876543033,5
"Drug A",0.663722625701225,0.19729523810757,10
"Drug C",0.956993253809256,0.375042000647757,6
"Drug C",0.788036452769496,0.220340144165972,4
"Drug A",0.603934964139591,0.00722390551497426,5
"Drug B",0.827373647191221,0.203260404057357,1
"Drug C",0.855857671135984,0.291113955632625,12
"Drug A",0.526851218232149,0.0261127956720938,9
"Drug A",0.790585484397637,0.000285378251979274,3
"Drug A",0.615916035849323,0.162376008666442,9
"Drug C",0.938634785492597,0.383518788774913,9
"Drug A",0.741243011445702,0.113196159367973,5
"Drug C",1.05212686430423,0.308537347546492,5
"Drug B",0.819656423546082,0.193894730632285,4
"Drug A",0.766561035283678,0.0752786296395787,10
"Drug A",0.814059109224811,0.0304732517974378,11
"Drug A",0.659361887195241,0.0897549853624849,5
"Drug C",0.734443864631071,0.247556322908219,10
"Drug C",0.91429300364911,0.309537324457234,11
"Drug B",0.932591430830883,0.235382903124444,6
"Drug C",0.759372233936045,0.28545676593066,11
"Drug B",0.901213161499515,0.274199829334213,10
"Drug A",0.693986915704217,0.183761257745322,2
"Drug A",0.709948142428027,0.161870511884953,5
"Drug A",0.665077820249413,0.0294000011846856,7
"Drug B",0.903685327959033,0.122912768528002,6
"Drug B",0.942415647914164,0.203847220547209,1
"Drug A",0.857084879138618,0.107916134942464,9
"Drug B",0.703259926693272,0.233672221614009,8
"Drug B",0.875928584434279,0.126520622785996,9
"Drug B",0.762381034554186,0.186241949322184,1
"Drug A",0.60165905860848,0.117588627898773,6
"Drug A",0.738989510110322,0.0167573444322167,1
"Drug C",0.898204928625175,0.309346607601788,4
"Drug B",0.879172460509004,0.29514137480302,6
"Drug B",0.979239787563701,0.124061213752281,8
"Drug B",0.903671688493632,0.266526331625994,6
"Drug B",0.730431438443961,0.252580024390072,12
"Drug C",0.913962266496932,0.352756083614183,10
"Drug C",1.04132454938925,0.371570348209781,3
"Drug A",0.817443759629564,0.101032350247613,9
"Drug C",0.741521841733571,0.310066744411757,2
"Drug B",0.89464299206338,0.15051036233484,10
"Drug B",0.765948591488133,0.225923980726452,4
"Drug C",0.837463730929629,0.36371279380428,7
"Drug C",0.789879777101729,0.309608966450107,4
"Drug B",0.768820453992648,0.258758478238354,7
"Drug B",0.868865650538364,0.262119646560229,2
"Drug B",0.943527187786736,0.135430502842279,8
"Drug C",0.913890709820022,0.316898554449663,11
"Drug C",0.892694761357826,0.276242366026799,1
"Drug C",0.87976640618882,0.291702280227029,2
"Drug A",0.795379933574217,0.0916805685298617,9
"Drug C",0.791880655255796,0.243841973217544,4
"Drug A",0.725001870455132,0.147047336200689,9
"Drug A",0.802162198057182,0.0543361654000881,5
"Drug A",0.806185151113365,0.124293606060658,2
"Drug B",0.841707021007276,0.110240151065313,6
"Drug C",0.783763384863002,0.281509926502657,12
"Drug C",0.817891527018534,0.289565971463767,11
"Drug B",0.72795117422846,0.166944411884937,2
"Drug B",0.655672803130302,0.191170185775427,3
"Drug C",0.904002033444342,0.351790578626839,12
"Drug C",1.02229466839668,0.329267636535065,11
"Drug A",0.455330608337028,0.0603374583763899,11
"Drug A",0.775838789198152,0.0893729755920734,2
"Drug A",0.679733834587649,0.0951680644737122,11
"Drug C",0.823086615280499,0.281082479587585,12
"Drug B",0.877000881141061,0.193409800728482,7
"Drug B",0.864838515883954,0.185325771227221,3
"Drug B",0.809621737861886,0.30687405436198,1
"Drug A",0.608035664683063,0.114497398157413,8
"Drug B",0.729513822276209,0.227380700459307,7
"Drug C",0.738276593772242,0.271050785645827,10
"Drug C",1.0880893908367,0.312107268759747,10
"Drug B",0.784440563915239,0.214382958339967,12
"Drug C",0.824548625121876,0.319799147777787,5
"Drug B",0.583904755583043,0.209181027991963,7
"Drug C",0.85705383196996,0.399139231953664,5
"Drug B",0.74508720953604,0.101661154624669,3
"Drug C",0.759768411711567,0.327236412496197,12
"Drug A",0.938397182312468,0.126485410736317,3
"Drug C",0.987294435097848,0.264352234959452,7
"Drug C",0.746433411282576,0.3029564864116,5
"Drug C",1.01339752513847,0.254453144874712,1
"Drug C",1.00448401606183,0.26278636625284,12
"Drug C",0.958983068874561,0.189417982356767,4
"Drug A",0.739910373489487,0.163502572538956,11
"Drug B",0.814494918465514,0.172640803390767,9
"Drug A",0.761916121760774,0.130251013699967,10
"Drug C",0.796738089390188,0.286266466644246,5
"Drug B",0.735064386172432,0.301192073719117,3
"Drug C",0.799799274180761,0.312103085559104,6
"Drug B",0.78341190400115,0.310942071943324,8
"Drug C",0.914665629511642,0.30821136634835,6
"Drug A",0.760205652414274,0.172548796928176,3
"Drug A",0.752905552549282,0.106170800698844,2
"Drug C",1.04456958407614,0.317440072241834,11
"Drug C",0.959730928742892,0.28784992291205,7
"Drug C",1.02563169212896,0.305130786777381,4
"Drug B",0.909744204280521,0.235811097605472,9
"Drug C",0.841153958690102,0.324494854573791,3
"Drug C",0.975130128150681,0.217867170829962,12
"Drug B",0.845351434101759,0.260814069858282,2
"Drug C",0.911917823416888,0.262817378035107,1
"Drug C",0.809661229169478,0.347154120745354,7
"Drug A",0.75879824566943,0.0938248961933756,4
"Drug A",0.706372874823125,0.103527538429492,4
"Drug A",0.664516414506322,0.126023660519527,12
"Drug B",0.892249574441879,0.155008045512536,5
"Drug A",0.799232536859556,0.0966176789153328,10
"Drug A",0.787356390179351,0.0651488226019598,10
"Drug C",0.638895653889269,0.334060464566027,10
"Drug C",0.810268316728995,0.31671080928762,7
"Drug B",0.893723531860462,0.12886352814762,12
"Drug C",0.825466366519901,0.284374890152489,5
"Drug C",0.940853962974254,0.270084279412263,6
"Drug A",0.718291267264276,0.066830962161913,12
"Drug B",0.910740229118283,0.200285412696707,2
"Drug B",0.728962832962036,0.109138546278729,8
"Drug A",0.694219763063927,0.196245927604005,12
"Drug C",0.934492341671265,0.323801108394743,2
"Drug A",0.8272654447469,0.00327783953722931,5
"Drug C",0.882261916475795,0.254308999439022,1
"Drug A",0.729040599697828,0.118521006564243,7
"Drug B",0.665715179399608,0.0853351772972839,2
"Drug A",0.763305002993816,0.0758988255633782,10
"Drug A",0.720681970608308,0.0990377548619052,5
"Drug C",0.963930734251053,0.363521262518544,10
"Drug B",0.758932943503209,0.283798228881092,10
"Drug A",0.868535662126586,0.166165490284613,10
"Drug C",0.886017389575769,0.37409367703433,4
"Drug B",0.812113874885007,0.175176058046876,12
"Drug B",0.789432082370055,0.256897691675807,1
"Drug C",0.984630489128897,0.302055343900628,8
"Drug A",0.623155097607692,0.190619249682219,10
"Drug A",0.72014624052689,0.116737867136144,11
"Drug C",0.957456959846799,0.334294184022743,7
"Drug A",0.575476011201701,0.119176972829977,6
"Drug A",0.722771880814336,0.140884279355765,7
"Drug C",0.840619793773133,0.319207050689496,4
"Drug A",0.842881078576221,0.0775797820574496,4
"Drug C",0.970489806899413,0.305394832509956,3
"Drug B",0.627486609059989,0.346991058003614,1
"Drug C",0.9919284781933,0.246135102456145,12
"Drug A",0.721774092677819,0.125265402461205,1
"Drug C",0.84386752381008,0.320970151408918,1
"Drug A",0.664441437218518,0.150398644823783,12
"Drug C",0.772785783338835,0.184021633675707,11
"Drug A",0.738619685165391,0.0369263005582619,11
"Drug B",0.636147686198574,0.206412247234363,6
"Drug B",0.785973722272885,0.153618589653989,4
"Drug B",0.845517560783696,0.178506580455565,10
"Drug C",0.908338336199505,0.333951331842753,8
"Drug B",0.885917332231044,0.198384869726997,12
"Drug A",0.705054810455568,0.0609297759870569,2
"Drug A",0.930894410422705,0.0854563307047735,8
"Drug B",0.714053682526367,0.286585040105489,2
"Drug C",1.05391161686661,0.380067299079947,7
"Drug B",0.638553382265105,0.177482981878212,9
"Drug A",0.592268354169066,0.177314536660412,10
"Drug A",0.60986394529512,0.13053313211094,5
"Drug B",0.647888763883714,0.244648714571369,8
"Drug B",0.948469384506777,0.151788216867809,2
"Drug C",1.003370332013,0.223123293716088,2
"Drug C",1.03712664984236,0.366450984190778,6
"Drug A",0.639107855854228,0.0633322265188714,3
"Drug A",0.708559709330906,0.0684547698756913,3
"Drug C",1.01185074910837,0.310994421211858,6
"Drug C",1.00605297881538,0.217578028195397,2
"Drug C",0.956013677357227,0.329615495706452,9
"Drug A",0.715814754090066,0.166294596205348,4
"Drug B",0.683582677768336,0.194272044252137,1
"Drug B",0.830968619619025,0.113594026440083,3
"Drug B",0.78215061851263,0.170555772820121,1
"Drug A",0.634547542797855,0.0721437411049304,1
"Drug A",0.857615726400038,0.152387023610731,11
"Drug A",0.629859626261871,0.152801429504306,4
"Drug B",0.824287638937281,0.214980659173934,6
"Drug A",0.751603575646107,0.080742626511201,4
"Drug C",1.00511547620446,0.292659437156895,6
"Drug C",0.936730439621612,0.3336951778109,1
"Drug A",0.897321531497352,0.140579445956771,7
"Drug C",0.944513674789454,0.387804162792659,9
"Drug C",0.851151983150947,0.239130001879443,7
"Drug A",0.710251153583564,0.118863643108835,9
"Drug B",0.866912924560925,0.21293538164862,5
"Drug C",0.680949119182938,0.213837533179346,2
"Drug C",0.890443594865297,0.289412118319202,10
"Drug B",0.804152570851599,0.172387676638598,11
"Drug A",0.676139912610199,0.0416054666768852,11
"Drug C",0.905136853648673,0.31248587084655,11
"Drug B",0.600819363979294,0.0803780387569762,12
"Drug A",0.734623628474444,0.153627059950601,8
"Drug C",0.900302934280113,0.374733182465847,1
"Drug C",0.850757149923363,0.362568634093246,10
"Drug B",0.513558127740949,0.245671474915047,12
"Drug B",0.758878726310216,0.212384958705324,8
"Drug C",0.911820853805227,0.308033439493218,7
"Drug B",0.792883923223199,0.194320157980061,6
"Drug A",0.63913025710452,0.0619709142816537,4
"Drug B",0.832164528804192,0.210407359697919,7
"Drug B",0.70895104679573,0.237567521916218,9
"Drug C",0.969928104731946,0.234574647827865,9
"Drug B",0.882573237519313,0.187491939955174,1
"Drug A",0.795754341191487,0.0830519120775147,6
"Drug A",0.779884627036529,0.115169875097075,9
"Drug C",0.864787278994997,0.256876943099573,9
"Drug B",0.797505317176422,0.248006019090696,6
"Drug A",0.824507337169485,0.0749169795104406,9
"Drug B",0.861094195854966,0.26350738487823,7
"Drug C",0.934688303266061,0.274423440320094,11
"Drug A",0.827917971095465,0.160456696307005,5
"Drug C",0.837315415813036,0.28318747469671,5
"Drug A",0.702526327160146,0.132355621156242,4
"Drug A",0.830150900263725,0.113866564368106,8
"Drug B",0.775021030543229,0.195437417281873,4
"Drug A",0.71349983447954,0.174741793900204,5
"Drug A",0.685332676938911,0.10920609368158,6
"Drug A",0.823393059413951,0.121277592840932,12
"Drug A",0.713542598236762,0.0928890417331658,3
"Drug A",0.70672402924147,0.0796937982583333,3
"Drug B",0.731877789148867,0.31042236600529,12
"Drug A",0.65815370597461,0.0894341100770671,12
"Drug C",0.743078579091802,0.307190219114421,1
"Drug A",0.740958654077477,0.116566775031854,9
"Drug C",0.984780319293457,0.308688701367857,10
"Drug C",0.766261569044754,0.371447001274268,11
"Drug C",0.940135472863779,0.241550193110508,11
"Drug C",0.932893589749903,0.282620116671211,8
"Drug A",0.719532100004021,0.0431372924494278,2
"Drug B",0.807146261011216,0.165380458744821,2
"Drug B",0.96349332608997,0.224672869507154,10
"Drug C",0.93330070775793,0.342250078216554,2
"Drug C",1.04018126228802,0.442391252672759,10
"Drug C",0.945101702086016,0.325119802036911,9
"Drug A",0.748732359573994,0.0852695032528959,4
"Drug B",0.746026254488847,0.149767067030295,3
"Drug C",1.16909074157543,0.320257895668014,9
"Drug C",0.894018392431069,0.346385784554455,7
"Drug A",0.650252413213957,0.0785991233084696,3
"Drug B",0.838241714991964,0.213365714478554,11
"Drug B",0.840918017843792,0.212226173821602,8
"Drug A",0.772374592278896,0.0799760427428344,3
"Drug C",0.808507542562753,0.339005345179716,6
"Drug B",0.786281490848044,0.128508532430832,1
"Drug C",1.05742932778733,0.401190169876904,2
"Drug C",0.851708229695724,0.302704230995845,12
"Drug B",0.764380948688943,0.221330881959879,8
"Drug C",0.961022227422258,0.305372631921695,8
"Drug B",0.739396485263296,0.133721553923221,6
"Drug C",1.01345120033973,0.329529516039655,2
"Drug B",0.842246828892729,0.194263571138868,10
"Drug B",0.808954971140714,0.148893326501616,10
"Drug C",0.740828600603638,0.319145181125933,2
"Drug A",0.665283298575697,0.00253308101819902,7
"Drug B",1.00342959844253,0.276787011453127,5
"Drug C",0.871409484440775,0.254973945433081,4
"Drug B",0.86543787829822,0.193827641218539,2
"Drug C",0.807525238303052,0.392608077965852,5
"Drug C",0.740929696074596,0.227589537289048,1
"Drug B",0.870939846964941,0.283897188729219,7
"Drug A",0.844932679629708,0.140356313792725,5
"Drug C",0.745561969061596,0.335820835788881,2
"Drug B",0.88460692482214,0.0905373361059818,6
"Drug B",0.833093247067837,0.187883586906375,1
"Drug B",0.763381268914086,0.130285600933526,1
"Drug B",0.974928498341616,0.164572704229444,11
"Drug C",0.7994855038544,0.321930685343898,3
"Drug B",0.788256070115816,0.155831554014329,9
"Drug A",0.76685055465381,0.154388455177455,5
"Drug B",0.691752597856717,0.202446239757001,7
"Drug C",1.01059678057862,0.2206697963566,3
"Drug A",0.688584661806551,0.142788125717194,6
"Drug A",0.82291483044291,0.0698503164244908,5
"Drug A",0.697670318390833,0.0481522088813699,9
"Drug A",0.626489453337983,0.159168239655443,1
"Drug B",0.665948516686648,0.215891102556559,3
"Drug A",0.562693410762816,0.124694372941953,8
"Drug A",0.685094290602607,0.115814108592096,2
"Drug C",0.699372404080284,0.265116618425791,1
"Drug B",0.644043146258191,0.200900795545778,6
"Drug C",1.09627015691511,0.29103471139473,4
"Drug C",0.882168177639437,0.267495615633278,11
"Drug B",0.935762067316143,0.115413196431832,1
"Drug C",1.06489920471382,0.323921470924781,9
"Drug C",0.911948457059363,0.266643114476886,10
"Drug B",0.800362061633761,0.26590405152965,6
"Drug A",0.719644344592465,0.149223166502174,8
"Drug B",0.86797395067307,0.185073248652818,8
"Drug C",0.98011248449644,0.31624736778093,7
"Drug B",0.598479942022391,0.246451440193398,4
"Drug A",0.704739598808669,0.0857728893021486,12
"Drug A",0.761309660685985,0.251123780366681,5
"Drug A",0.68299815189466,0.128232742166792,12
"Drug B",0.822575952443179,0.19533170522632,11
"Drug C",0.989240414112506,0.302758755678216,5
"Drug C",0.885238690124354,0.298067333230675,12
"Drug A",0.853718231037047,0.165450487177524,8
"Drug C",0.945261935487076,0.362166320973524,4
"Drug C",0.740430574742946,0.30678730113392,9
"Drug B",0.781283470796627,0.192057312801316,6
"Drug B",0.856763446812895,0.229468986658687,7
"Drug C",0.91626791167636,0.270194128602012,3
"Drug C",0.762801698707418,0.302832533466586,9
"Drug A",0.511604748830867,0.0906901538212363,10
"Drug B",0.793195299183527,0.129162783708831,6
"Drug C",0.968730693385291,0.271834432564724,12
"Drug C",0.829199927122785,0.244559465558459,12
"Drug B",0.837767726881616,0.247018371170252,7
"Drug B",0.858075773927448,0.141374396321094,3
"Drug C",0.997462609239334,0.293995587307535,7
"Drug C",0.958745250933105,0.251438149775896,5
"Drug B",0.824527877882343,0.204740049976128,9
"Drug B",0.64339962958283,0.176334610977318,2
"Drug A",0.649187185190614,0.217594571732322,2
"Drug C",0.985827885392439,0.283398428428769,10
"Drug C",0.94518667192148,0.337510066503741,4
"Drug A",0.610209576314687,0.119268411948603,1
"Drug B",0.831901114488487,0.23395101133542,10
"Drug A",0.690603548942022,0.151178208528073,2
"Drug C",1.02643083249221,0.275714425958501,1
"Drug C",0.896599063472136,0.243326056173437,11
"Drug A",0.661183096987206,0.133180972288853,11
"Drug B",0.773954516809066,0.153693881994219,10
"Drug B",0.712256548591289,0.268263319612512,1
"Drug A",0.829275143050665,0.0453234075903181,10
"Drug C",0.916518785360755,0.171784053631627,1
"Drug A",0.63967929242885,0.0470968208939937,11
"Drug C",0.939860390080151,0.274127970370731,10
"Drug B",0.885895212545866,0.294962626886889,11
"Drug A",0.657808753143062,0.141199295700249,2
"Drug C",0.86945111105703,0.37865660932567,12
"Drug A",0.694081198549152,0.0343033979226947,7
"Drug B",0.599812781204761,0.255733856799738,10
"Drug A",0.715543642135745,0.0696005775404877,9
"Drug C",0.904256222751568,0.343345552395453,7
"Drug B",0.773796080120584,0.10282748303626,5
"Drug A",0.597880674167769,0.149208294987397,9
"Drug B",0.906535710343492,0.184890702293338,8
"Drug A",0.654240916212448,0.0906834109905908,7
"Drug A",0.713530391287928,0.166225659572548,11
"Drug A",0.911278759570127,0.118182411242693,4
"Drug C",0.840816630461359,0.305036848488985,2
"Drug A",0.633126210595422,0.141171277420846,1
"Drug B",0.815387874093147,0.155554113720606,9
"Drug C",0.871460838840075,0.233424913403089,12
"Drug A",0.650730356079902,0.154180379685824,3
"Drug C",0.94097715393881,0.371170890867676,1
"Drug A",0.722935645078686,0.124982053077135,5
"Drug A",0.592537436668267,0.0996082728470247,4
"Drug B",0.661924914556153,0.270990152874756,9
"Drug A",0.759823324144569,0.107445166560192,7
"Drug C",0.816053135785225,0.319472310203615,2
"Drug B",0.704457493995265,0.205907517674041,7
"Drug C",1.02362180706726,0.337622505620136,12
"Drug A",0.70759841521696,0.0414032428812915,6
"Drug A",0.646042709236522,0.0768442797099401,11
"Drug C",0.977353811942751,0.289982362195217,12
"Drug C",1.03043005238295,0.219005297169459,2
"Drug C",0.998510997410927,0.338606256048531,8
"Drug A",0.598827848931382,0.110804691255388,3
"Drug B",0.739397097428161,0.164518934539827,10
"Drug A",0.731672605550686,0.117550240842918,3
"Drug A",0.563530889135471,0.108631427003416,10
"Drug A",0.661803372047234,0.0647714587770634,2
"Drug C",0.898570725884825,0.3031724276633,1
"Drug B",0.793458186800103,0.162088177454394,3
"Drug B",0.822343241886172,0.226793548882639,5
"Drug C",0.918318216667889,0.230480650359258,8
"Drug C",0.989066124222916,0.308088059401576,8
"Drug C",0.894692815517991,0.342257251926379,10
"Drug A",0.617014188448492,0.110212658903214,12
"Drug B",0.787897090217489,0.161051427196253,4
"Drug B",0.779034195656516,0.145767743436211,7
"Drug B",0.803958956171276,0.118867140036013,5
"Drug A",0.848099019747618,0.122812888328805,2
"Drug A",0.756666005839204,0.109203664371811,7
"Drug B",0.978958035863141,0.202898817855982,7
"Drug C",1.01140478511547,0.334605785730763,3
"Drug A",0.879407452864789,0.0316881213362158,4
"Drug A",0.563545110010355,0.126960464052991,8
"Drug A",0.629256001500028,0.0339033976422142,8
"Drug C",0.844371565411251,0.28593556651277,11
"Drug A",0.668991890624728,-0.00524734403847489,8
"Drug A",0.662382066427167,0.0191197632574314,7
"Drug C",0.945852600842686,0.263813405963063,7
"Drug A",0.573885085056887,0.115337051805705,1
"Drug A",0.647253483679385,0.111279809947181,11
"Drug C",0.844318577820146,0.346785802050923,3
"Drug B",0.762556127378398,0.222120242658464,4
"Drug C",0.839560001901894,0.322725951645447,2
"Drug A",0.820312707053266,0.0518963021026769,12
"Drug A",0.776887323340547,0.0433767388886066,12
"Drug A",0.723835102324136,0.0699836508960709,1
"Drug B",0.658497185861131,0.111246947500461,5
"Drug C",1.1933774386606,0.295414290585861,3
"Drug C",0.993502575735832,0.288368713305684,9
"Drug A",0.823388452172586,0.0743445364795629,2
"Drug C",0.710861527820195,0.309279429311672,12
"Drug A",0.677734870688206,0.0284188444742864,9
"Drug A",0.776812752836091,0.00506776062252197,2
"Drug A",0.738795365826285,0.128561861418197,7
"Drug C",0.960913303155833,0.251218697511871,10
"Drug B",0.859051860827632,0.156176190068458,8
"Drug C",0.856485924671455,0.277737690902485,3
"Drug B",0.774923010150099,0.161283510039756,6
"Drug B",0.707373061627669,0.26156547482775,5
"Drug C",1.00874358032534,0.351403944787302,7
"Drug A",0.505604078409579,0.102505170125061,8
"Drug B",0.771937956166365,0.189480892961531,10
"Drug A",0.781207755667137,0.069346558232983,6
"Drug C",0.879229631299196,0.349772462649784,7
"Drug C",1.04507573199668,0.311963707963567,12
"Drug A",0.784149317815536,0.110641059483746,2
"Drug A",0.613426217787062,0.0251848421702887,4
"Drug B",0.794012219329905,0.243884667453242,3
"Drug A",0.701153115324976,0.0698280750314897,5
"Drug B",0.826911145139178,0.217074610075372,6
"Drug C",0.847183949407659,0.302485468718606,10
"Drug B",0.738292615863329,0.265881357298065,10
"Drug C",0.873762748497832,0.36747284702123,12
"Drug C",0.991234717100544,0.365128743546566,6
"Drug A",0.812361058688565,0.0956430106570674,7
"Drug B",0.739648028631747,0.194322551574512,10
"Drug B",0.805532339363837,0.204816802592806,9
"Drug B",0.699934156711519,0.224437880609585,5
"Drug B",0.724182117086078,0.198519061658106,3
"Drug C",0.838856418549474,0.233659244402784,9
"Drug C",0.768327773679206,0.255500603926918,10
"Drug C",0.699258498278283,0.245483265368145,12
"Drug A",0.776800212752914,0.0666205331409319,2
"Drug C",0.940576131350423,0.36473516432755,1
"Drug B",0.716828412108396,0.195433027617548,11
"Drug C",0.995807577311228,0.333497160281804,8
"Drug B",0.981071925143842,0.195558396491752,2
"Drug C",0.644998551517221,0.34756139837597,1
"Drug C",1.01502550807174,0.209192018158007,7
"Drug B",0.922789365442077,0.176599243231679,8
"Drug B",0.815210316268381,0.195730771235683,4
"Drug B",0.747691619081263,0.218845974922264,9
"Drug C",0.789840663565416,0.288474648447914,5
"Drug B",0.712026971858702,0.189617446130258,10
"Drug B",0.736329974224591,0.256507699739351,8
"Drug C",0.68940685691571,0.331221323664202,11
"Drug A",0.635374163987757,0.0836499346889127,10
"Drug C",0.998679342631946,0.29677873458711,11
"Drug A",0.624509985406741,0.134544164675606,8
"Drug B",0.956520486289814,0.119002133233373,3
"Drug B",0.794995073900847,0.242384601324206,11
"Drug B",0.81110287061467,0.268473546385455,3
"Drug A",0.747547104599742,0.0703201084598422,8
"Drug B",0.706099609529286,0.202709266764002,4
"Drug C",0.822595438035702,0.22306564098399,10
"Drug C",0.857644153276736,0.294005348327117,1
"Drug C",1.07728794944105,0.313181517145743,4
"Drug C",0.942655065833029,0.262093759259345,8
"Drug B",0.790552982691129,0.1949608560759,3
"Drug B",0.688340456618434,0.153408128096046,6
"Drug A",0.691256485347046,0.0953841969750501,10
"Drug A",0.739252609017327,0.0880307239170134,2
"Drug B",0.763937783074627,0.224861408845649,1
"Drug C",0.811201563838252,0.337472370863497,8
"Drug C",0.805358344620414,0.382722335021784,11
"Drug B",0.778008844392544,0.242353761876468,8
"Drug B",0.834222011692021,0.179556879263967,7
"Drug A",0.796992412941553,0.0906831203009572,1
"Drug C",0.766454685980288,0.386764281031764,10
"Drug C",0.819912052459385,0.240604334960973,10
"Drug C",0.695320365581593,0.294081586322622,1
"Drug C",0.911005621819368,0.41964893000418,4
"Drug A",0.77161003737353,0.0811455130880066,9
"Drug B",0.825412060237561,0.1404618400993,4
"Drug A",0.822876218801499,0.114112507506372,9
"Drug C",0.958340400595612,0.236709604757402,4
"Drug C",0.841287522627104,0.22877960694169,1
"Drug A",0.84466653579162,0.0892264542962395,5
"Drug A",0.744339403542803,0.0407206317385694,8
"Drug C",0.957794688571545,0.276882009067368,5
"Drug B",0.707816503612272,0.262908140420427,5
"Drug B",0.775067329483484,0.298352175034696,3
"Drug A",0.577810135362433,0.0646209315208152,11
"Drug B",0.792746035395449,0.178302673748463,5
"Drug A",0.836490124503674,0.11284334068094,5
"Drug C",0.854246898015577,0.247740735379251,11
"Drug C",0.906520021936009,0.299032936159342,7
"Drug B",0.87839803359237,0.147578474428954,1
"Drug B",0.64122919268352,0.159119522136174,2
"Drug B",0.663063568676183,0.193987715741996,2
"Drug A",0.607248019737764,0.0955774305067774,10
"Drug A",0.730084155983022,0.140819089268837,9
"Drug A",0.708046894610394,0.0797560648077544,10
"Drug A",0.824674683051722,0.128320889315617,6
"Drug A",0.576555089979498,0.0145684832008874,8
"Drug A",0.656093070567735,0.113360448996771,3
"Drug A",0.48984060469444,0.1422830618206,6
"Drug B",0.961875617137326,0.197104083373999,2
"Drug C",1.00843284907441,0.292851631167746,4
"Drug B",0.735919909308699,0.179914074268077,4
"Drug C",0.874718017374294,0.307292022014255,1
"Drug A",0.686517072677753,0.141295927560052,8
"Drug B",0.979535599171383,0.246941885414815,5
"Drug B",0.803839671736902,0.211776047245825,3
"Drug C",0.941299828889006,0.274781875432165,9
"Drug B",0.869957212296699,0.286532881929925,7
"Drug C",0.968979094457615,0.349108235499724,11
"Drug A",0.532894053470812,0.0537600944904274,10
"Drug B",0.874004830752263,0.210277540791877,9
"Drug C",0.807587510088624,0.218017517538017,4
"Drug A",0.696831142668903,0.0186873829412354,11
"Drug B",0.607220701847977,0.15906710240225,8
"Drug B",0.821430302967833,0.201656211404382,11
"Drug C",0.799496113449304,0.271772615269165,3
"Drug B",0.582104650771021,0.261400735263,11
"Drug B",0.632745086944509,0.304222781442673,10
"Drug B",0.657927786444898,0.24546023502594,4
"Drug A",0.755053163877835,0.163019379066385,2
"Drug A",0.731043317691679,0.143051308506828,6
"Drug B",0.868507391296196,0.254676101403859,10
"Drug B",0.746808950918317,0.323088527510407,4
"Drug B",0.818178545986328,0.165298479317445,9
"Drug C",0.941159617779636,0.24009884292062,12
"Drug C",0.891494095104168,0.430796966319574,12
"Drug A",0.589329379646391,0.0712565828685938,10
"Drug B",0.912913359573999,0.135023780290875,10
"Drug B",0.966801562437414,0.147394520072655,3
"Drug C",1.10191029259395,0.337401549574625,4
"Drug A",0.789254803557245,0.0729763195099762,8
"Drug C",0.881279531679218,0.280005513061818,2
"Drug B",0.78723025843893,0.184633707487623,10
"Drug C",0.869466986034193,0.345674327773434,5
"Drug B",0.773713316214369,0.197098199013342,11
"Drug C",0.894853135557367,0.343974905123632,12
"Drug A",0.502733664026596,0.104262080020803,1
"Drug B",0.801122825038515,0.257708173726494,4
